--INSERT INTO ALBUMS (ID, USER_ID, TITLE) VALUES (1, 1, 'quidem molestiae enim');
--INSERT INTO ALBUMS (ID, USER_ID, TITLE) VALUES (2, 1, 'sunt qui excepturi placeat culpa');
--INSERT INTO ALBUMS (ID, USER_ID, TITLE) VALUES (3, 1, 'omnis laborum odio');
--INSERT INTO ALBUMS (ID, USER_ID, TITLE) VALUES (4, 1, 'non esse culpa molestiae omnis sed optio');
--INSERT INTO ALBUMS (ID, USER_ID, TITLE) VALUES (5, 1, 'eaque aut omnis a');

--INSERT INTO PHOTOS (ID, ALBUM_ID, TITLE, URL, THUMBNAIL_URL) VALUES (1, 1, 'accusamus beatae ad facilis cum similique qui sunt', 'https://via.placeholder.com/600/92c952', 'https://via.placeholder.com/150/92c952');
--INSERT INTO PHOTOS (ID, ALBUM_ID, TITLE, URL, THUMBNAIL_URL) VALUES (2, 1, 'reprehenderit est deserunt velit ipsam', 'https://via.placeholder.com/600/771796', 'https://via.placeholder.com/150/771796');
--INSERT INTO PHOTOS (ID, ALBUM_ID, TITLE, URL, THUMBNAIL_URL) VALUES (3, 1, 'officia porro iure quia iusto qui ipsa ut modi', 'https://via.placeholder.com/600/24f355', 'https://via.placeholder.com/150/24f355');
--INSERT INTO PHOTOS (ID, ALBUM_ID, TITLE, URL, THUMBNAIL_URL) VALUES (4, 1, 'culpa odio esse rerum omnis laboriosam voluptate repudiandae', 'https://via.placeholder.com/600/d32776', 'https://via.placeholder.com/150/d32776');
--INSERT INTO PHOTOS (ID, ALBUM_ID, TITLE, URL, THUMBNAIL_URL) VALUES (5, 1, 'natus nisi omnis corporis facere molestiae rerum in', 'https://via.placeholder.com/600/f66b97', 'https://via.placeholder.com/150/f66b97');
--INSERT INTO PHOTOS (ID, ALBUM_ID, TITLE, URL, THUMBNAIL_URL) VALUES (6, 1, 'accusamus ea aliquid et amet sequi nemo', 'https://via.placeholder.com/600/56a8c2', 'https://via.placeholder.com/150/56a8c2');

INSERT INTO LANGUAGES (ID, NAME, LAST_UPDATE) VALUES (1, 'English', CURRENT_TIMESTAMP);
INSERT INTO LANGUAGES (ID, NAME, LAST_UPDATE) VALUES (2, 'Spanish', CURRENT_TIMESTAMP);
INSERT INTO LANGUAGES (ID, NAME, LAST_UPDATE) VALUES (3, 'German', CURRENT_TIMESTAMP);

INSERT INTO ANSWERS (ID, ID_CATEGORY, DESCRIPTION, LAST_UPDATE) VALUES (1, 1, 'gets', CURRENT_TIMESTAMP);
INSERT INTO ANSWERS (ID, ID_CATEGORY, DESCRIPTION, LAST_UPDATE) VALUES (2, 1, 'studies', CURRENT_TIMESTAMP);
INSERT INTO ANSWERS (ID, ID_CATEGORY, DESCRIPTION, LAST_UPDATE) VALUES (3, 1, 'go', CURRENT_TIMESTAMP);
INSERT INTO ANSWERS (ID, ID_CATEGORY, DESCRIPTION, LAST_UPDATE) VALUES (4, 1, 'practices', CURRENT_TIMESTAMP);
INSERT INTO ANSWERS (ID, ID_CATEGORY, DESCRIPTION, LAST_UPDATE) VALUES (5, 1, 'speak', CURRENT_TIMESTAMP);
INSERT INTO ANSWERS (ID, ID_CATEGORY, DESCRIPTION, LAST_UPDATE) VALUES (6, 1, 'cooks', CURRENT_TIMESTAMP);
INSERT INTO ANSWERS (ID, ID_CATEGORY, DESCRIPTION, LAST_UPDATE) VALUES (7, 1, 'pay', CURRENT_TIMESTAMP);
INSERT INTO ANSWERS (ID, ID_CATEGORY, DESCRIPTION, LAST_UPDATE) VALUES (8, 1, 'sleeps', CURRENT_TIMESTAMP);
INSERT INTO ANSWERS (ID, ID_CATEGORY, DESCRIPTION, LAST_UPDATE) VALUES (9, 1, 'work', CURRENT_TIMESTAMP);
INSERT INTO ANSWERS (ID, ID_CATEGORY, DESCRIPTION, LAST_UPDATE) VALUES (10, 1, 'have', CURRENT_TIMESTAMP);

INSERT INTO QUESTIONS (ID, ID_CATEGORY, DESCRIPTION1, ANSWER, DESCRIPTION2, URL_FILE_NAME, LAST_UPDATE) VALUES (1, 1, 'He ', 'gets', ' up at 7 a.m. every day. (get)',  '', CURRENT_TIMESTAMP);
INSERT INTO QUESTIONS (ID, ID_CATEGORY, DESCRIPTION1, ANSWER, DESCRIPTION2, URL_FILE_NAME, LAST_UPDATE) VALUES (2, 1, 'My sister ', 'studies', ' a lot for her exams. (study)', '', CURRENT_TIMESTAMP);
INSERT INTO QUESTIONS (ID, ID_CATEGORY, DESCRIPTION1, ANSWER, DESCRIPTION2, URL_FILE_NAME, LAST_UPDATE) VALUES (3, 1, 'My parents and I ', 'go', ' to the cinema on weekends. (go)', '', CURRENT_TIMESTAMP);
INSERT INTO QUESTIONS (ID, ID_CATEGORY, DESCRIPTION1, ANSWER, DESCRIPTION2, URL_FILE_NAME, LAST_UPDATE) VALUES (4, 1, 'My daughter ', 'practices', ' soccer in the park every afternoon. (practice)', '', CURRENT_TIMESTAMP);
INSERT INTO QUESTIONS (ID, ID_CATEGORY, DESCRIPTION1, ANSWER, DESCRIPTION2, URL_FILE_NAME, LAST_UPDATE) VALUES (5, 1, 'Does Paul ', 'speak', ' German fluently? (speak)', '', CURRENT_TIMESTAMP);
INSERT INTO QUESTIONS (ID, ID_CATEGORY, DESCRIPTION1, ANSWER, DESCRIPTION2, URL_FILE_NAME, LAST_UPDATE) VALUES (6, 1, 'My father ', 'cooks', ' delicious meals for the family. (cook)', '', CURRENT_TIMESTAMP);
INSERT INTO QUESTIONS (ID, ID_CATEGORY, DESCRIPTION1, ANSWER, DESCRIPTION2, URL_FILE_NAME, LAST_UPDATE) VALUES (7, 1, 'The teachers ', 'pay', ' attention in class. (pay)', '', CURRENT_TIMESTAMP);
INSERT INTO QUESTIONS (ID, ID_CATEGORY, DESCRIPTION1, ANSWER, DESCRIPTION2, URL_FILE_NAME, LAST_UPDATE) VALUES (8, 1, 'The donkey always ', 'sleeps', ' on the sofa in the afternoon. (sleep)', '', CURRENT_TIMESTAMP);
INSERT INTO QUESTIONS (ID, ID_CATEGORY, DESCRIPTION1, ANSWER, DESCRIPTION2, URL_FILE_NAME, LAST_UPDATE) VALUES (9, 1, 'Did you ', 'work', ' in the office everyday? (work)', '', CURRENT_TIMESTAMP);
INSERT INTO QUESTIONS (ID, ID_CATEGORY, DESCRIPTION1, ANSWER, DESCRIPTION2, URL_FILE_NAME, LAST_UPDATE) VALUES (10, 1, 'Everyday I ', 'have', ' cereal with milk. (have)', '', CURRENT_TIMESTAMP);
INSERT INTO QUESTIONS (ID, ID_CATEGORY, DESCRIPTION1, ANSWER, DESCRIPTION2, URL_FILE_NAME, LAST_UPDATE) VALUES (11, 2, 'Martha is 2 meters ', 'tall', ' and is 30 years old.', '', CURRENT_TIMESTAMP);
INSERT INTO QUESTIONS (ID, ID_CATEGORY, DESCRIPTION1, ANSWER, DESCRIPTION2, URL_FILE_NAME, LAST_UPDATE) VALUES (12, 2, 'She is ', 'running', ' in the park right now.', '', CURRENT_TIMESTAMP);
INSERT INTO QUESTIONS (ID, ID_CATEGORY, DESCRIPTION1, ANSWER, DESCRIPTION2, URL_FILE_NAME, LAST_UPDATE) VALUES (13, 2, 'The last time I ', 'went', ' to the city was yesterday.', '', CURRENT_TIMESTAMP);
INSERT INTO QUESTIONS (ID, ID_CATEGORY, DESCRIPTION1, ANSWER, DESCRIPTION2, URL_FILE_NAME, LAST_UPDATE) VALUES (14, 2, 'There is a ', 'little', ' cabin near by the river.', '', CURRENT_TIMESTAMP);
INSERT INTO QUESTIONS (ID, ID_CATEGORY, DESCRIPTION1, ANSWER, DESCRIPTION2, URL_FILE_NAME, LAST_UPDATE) VALUES (15, 2, 'That is the ', 'best', ' city of the world.', '', CURRENT_TIMESTAMP);
INSERT INTO QUESTIONS (ID, ID_CATEGORY, DESCRIPTION1, ANSWER, DESCRIPTION2, URL_FILE_NAME, LAST_UPDATE) VALUES (16, 3, 'Bugaboo wants to:', 'help', '', '', CURRENT_TIMESTAMP);
INSERT INTO QUESTIONS (ID, ID_CATEGORY, DESCRIPTION1, ANSWER, DESCRIPTION2, URL_FILE_NAME, LAST_UPDATE) VALUES (17, 3, 'Bugaboo is:', 'a witch', '', '', CURRENT_TIMESTAMP);

INSERT INTO CATEGORIES (ID, NAME, LAST_UPDATE) VALUES (1, 'Form with 1 text field answer', CURRENT_TIMESTAMP);
INSERT INTO CATEGORIES (ID, NAME, LAST_UPDATE) VALUES (2, 'Form with combo-box answer (3 options)', CURRENT_TIMESTAMP);
INSERT INTO CATEGORIES (ID, NAME, LAST_UPDATE) VALUES (3, 'Text Audio recording', CURRENT_TIMESTAMP);

INSERT INTO COMBO_BOX_OPTION (ID, ID_CATEGORY, ID_QUESTION, DESCRIPTION, LAST_UPDATE) VALUES (1, 2, 11, 'tall', CURRENT_TIMESTAMP);
INSERT INTO COMBO_BOX_OPTION (ID, ID_CATEGORY, ID_QUESTION, DESCRIPTION, LAST_UPDATE) VALUES (2, 2, 11, 'long', CURRENT_TIMESTAMP);
INSERT INTO COMBO_BOX_OPTION (ID, ID_CATEGORY, ID_QUESTION, DESCRIPTION, LAST_UPDATE) VALUES (3, 2, 11, 'high', CURRENT_TIMESTAMP);
INSERT INTO COMBO_BOX_OPTION (ID, ID_CATEGORY, ID_QUESTION, DESCRIPTION, LAST_UPDATE) VALUES (4, 2, 12, 'running', CURRENT_TIMESTAMP);
INSERT INTO COMBO_BOX_OPTION (ID, ID_CATEGORY, ID_QUESTION, DESCRIPTION, LAST_UPDATE) VALUES (5, 2, 12, 'runs', CURRENT_TIMESTAMP);
INSERT INTO COMBO_BOX_OPTION (ID, ID_CATEGORY, ID_QUESTION, DESCRIPTION, LAST_UPDATE) VALUES (6, 2, 12, 'run', CURRENT_TIMESTAMP);
INSERT INTO COMBO_BOX_OPTION (ID, ID_CATEGORY, ID_QUESTION, DESCRIPTION, LAST_UPDATE) VALUES (7, 2, 13, 'went', CURRENT_TIMESTAMP);
INSERT INTO COMBO_BOX_OPTION (ID, ID_CATEGORY, ID_QUESTION, DESCRIPTION, LAST_UPDATE) VALUES (8, 2, 13, 'gone', CURRENT_TIMESTAMP);
INSERT INTO COMBO_BOX_OPTION (ID, ID_CATEGORY, ID_QUESTION, DESCRIPTION, LAST_UPDATE) VALUES (9, 2, 13, 'go', CURRENT_TIMESTAMP);
INSERT INTO COMBO_BOX_OPTION (ID, ID_CATEGORY, ID_QUESTION, DESCRIPTION, LAST_UPDATE) VALUES (10, 2, 14, 'little', CURRENT_TIMESTAMP);
INSERT INTO COMBO_BOX_OPTION (ID, ID_CATEGORY, ID_QUESTION, DESCRIPTION, LAST_UPDATE) VALUES (11, 2, 14, 'low', CURRENT_TIMESTAMP);
INSERT INTO COMBO_BOX_OPTION (ID, ID_CATEGORY, ID_QUESTION, DESCRIPTION, LAST_UPDATE) VALUES (12, 2, 14, 'short', CURRENT_TIMESTAMP);
INSERT INTO COMBO_BOX_OPTION (ID, ID_CATEGORY, ID_QUESTION, DESCRIPTION, LAST_UPDATE) VALUES (13, 2, 15, 'best', CURRENT_TIMESTAMP);
INSERT INTO COMBO_BOX_OPTION (ID, ID_CATEGORY, ID_QUESTION, DESCRIPTION, LAST_UPDATE) VALUES (14, 2, 15, 'bet', CURRENT_TIMESTAMP);
INSERT INTO COMBO_BOX_OPTION (ID, ID_CATEGORY, ID_QUESTION, DESCRIPTION, LAST_UPDATE) VALUES (15, 2, 15, 'better', CURRENT_TIMESTAMP);

INSERT INTO CHECK_BOX_OPTION (ID, ID_CATEGORY, ID_QUESTION, DESCRIPTION, LAST_UPDATE) VALUES (1, 3, 16, 'help', CURRENT_TIMESTAMP);
INSERT INTO CHECK_BOX_OPTION (ID, ID_CATEGORY, ID_QUESTION, DESCRIPTION, LAST_UPDATE) VALUES (2, 3, 16, 'flee', CURRENT_TIMESTAMP);
INSERT INTO CHECK_BOX_OPTION (ID, ID_CATEGORY, ID_QUESTION, DESCRIPTION, LAST_UPDATE) VALUES (3, 3, 16, 'sleep', CURRENT_TIMESTAMP);
INSERT INTO CHECK_BOX_OPTION (ID, ID_CATEGORY, ID_QUESTION, DESCRIPTION, LAST_UPDATE) VALUES (4, 3, 16, 'cook', CURRENT_TIMESTAMP);

INSERT INTO CHECK_BOX_OPTION (ID, ID_CATEGORY, ID_QUESTION, DESCRIPTION, LAST_UPDATE) VALUES (5, 3, 17, 'a witch', CURRENT_TIMESTAMP);
INSERT INTO CHECK_BOX_OPTION (ID, ID_CATEGORY, ID_QUESTION, DESCRIPTION, LAST_UPDATE) VALUES (6, 3, 17, 'a child', CURRENT_TIMESTAMP);
INSERT INTO CHECK_BOX_OPTION (ID, ID_CATEGORY, ID_QUESTION, DESCRIPTION, LAST_UPDATE) VALUES (7, 3, 17, 'a cat', CURRENT_TIMESTAMP);
INSERT INTO CHECK_BOX_OPTION (ID, ID_CATEGORY, ID_QUESTION, DESCRIPTION, LAST_UPDATE) VALUES (8, 3, 17, 'a girl', CURRENT_TIMESTAMP);